{"cameraMode":{"drawMode":0,"name":"Shaded","section":"Shading Mode"},"sceneLighting":true,"audioPlay":false,"sceneViewState":{"m_AlwaysRefresh":false,"showFog":true,"showSkybox":true,"showFlares":true,"showImageEffects":true,"showParticleSystems":true,"showVisualEffectGraphs":true,"m_FxEnabled":true},"in2DMode":false,"pivot":{"x":-3.438886880874634,"y":10.661239624023438,"z":-15.37199592590332},"rotation":{"x":-0.2394876480102539,"y":-0.0029474017210304739,"z":0.0003788280882872641,"w":-0.9710147380828857},"size":1.9899749755859376,"orthographic":false}