{"cameraMode":{"drawMode":0,"name":"Shaded","section":"Shading Mode"},"sceneLighting":true,"audioPlay":false,"sceneViewState":{"m_AlwaysRefresh":false,"showFog":true,"showSkybox":true,"showFlares":true,"showImageEffects":true,"showParticleSystems":true,"showVisualEffectGraphs":true,"m_FxEnabled":true},"in2DMode":false,"pivot":{"x":-51.646202087402347,"y":4.2676472663879398,"z":-26.152889251708986},"rotation":{"x":-0.00031347552430815995,"y":-0.5621680617332459,"z":0.00008849384175846353,"w":-0.8271110653877258},"size":1.989974856376648,"orthographic":false}